app_id,userName,score,at,content
com.orami.parenting.android,Chaa Ngking,2,2025-01-14 20:57:20,Susah banget lolos campaign di Orami padahal followers menyukupi 🥲
com.orami.parenting.android,Shelly sri Anggraeni,3,2024-06-14 20:06:33,Sebenarnya aplikasinya udah bagus untuk Parenting cuman lemot dan berat banget ke handphonenya Terus kalau mau beli barang di aplikasi ini tidak tidak jelas ada stok atau tidak ada Jadi malah kurang efisien aja selebihnya bagus sih harus ditingkatkan lagi untuk stok barangnya
com.orami.parenting.android,Barenanggia Store,5,2023-11-25 02:36:40,Luar biasa
com.orami.parenting.android,Dhea Lestari,5,2023-11-09 20:40:50,Produk lengkap untuk semua kebutuhan
com.orami.parenting.android,Alya Ulfah,3,2023-10-06 15:27:11,"Ga bisa menautkan ig, udh seminggu."
com.orami.parenting.android,Siti Noor Alifah Hikmayani,5,2023-09-14 02:47:00,"Semoga ga keluar sendiri lagi ya apk nya, trimakasih sudah perbaiki bug 👍🏻"
com.orami.parenting.android,Sekar Nvlog,3,2023-09-07 16:19:35,"Bingung deh, masa akun yg bisa ditautkan cuma 1 doang. Gabisa akun lain, maksudnya cuma 1 doang pilihan akun IGnya , gabisa milih mana akun pribadi mana akun profesional. Aneh deh... Gimana nih min?"
com.orami.parenting.android,danny wilman,1,2023-08-18 20:11:16,"Aplikasi lambat, uang kembalinya lama, haduh cukup sekali ini aja beli disini"
com.orami.parenting.android,Ichwan Sugianto,1,2023-08-04 08:27:29,Aplikasi penipuan sekarang lenyap deposito tidak seberapa tapi kesannya seperti aplikasi gembel tidak profesional kembalikan uang saya walau sedikit itu hasil keringat saya untuk deposito
com.orami.parenting.android,Ahmad Sopiyan,5,2023-07-27 01:25:40,"Hati2 nih banyak orang-orang penipu Mereka menipu lewat telegram disuruh klik like mendapat uang, ujung2nya suruh topup dan uang pun gak bisa kembali,"
com.orami.parenting.android,Fadhillah Arif Maulana,1,2023-07-17 20:36:16,tapi boong hayukkk
com.orami.parenting.android,Erwin Ovic,1,2023-07-17 17:57:44,Sangat di sayangkan APK yang berkedok jualan ternyata nipu #takedow orami
com.orami.parenting.android,desi sunetri,5,2023-07-17 14:29:27,Aplikasi untuk berbelanja yg menyenangkan
com.orami.parenting.android,myta Pratama,5,2023-07-16 18:40:00,Sangat bagus dan di jamain original
com.orami.parenting.android,simkuring,5,2023-07-16 17:49:29,Semoga aplikasi ini bisa bemanfaat untuk keperluan sehari hari
com.orami.parenting.android,TRAP DISCORD,5,2023-07-16 11:39:00,Mantap
com.orami.parenting.android,Rian Pratama,5,2023-07-15 18:37:56,Good
com.orami.parenting.android,Supriyadi Harahap,1,2023-07-15 15:17:17,Aplikasi gak jelas. Urusannya ribet seperti mendaftar aplikasi di bank. Menawarkan perkerjaan tapi malah disuruh melampirkan identitas.
com.orami.parenting.android,Akbar Yudha Angkasa,5,2023-07-14 20:44:44,Amazing
com.orami.parenting.android,Kpa Angkara,1,2023-07-14 20:28:52,"Hati² kalau ada tlpn dari sale marketing yg menawarkan pekerjaan utk like,komen, dan shart apk Orami ini kalau sdh kalian download data pribadi kalian di HP bisa di sadap oleh mereka. Apk ini modus yang merampas data."
com.orami.parenting.android,Arif Google,5,2023-07-13 20:13:38,"Aplikasi mantap, belanja online jadi lebih mudah"
com.orami.parenting.android,Rahmat Hidayat,5,2023-07-12 21:13:02,Orami sangat bagus sekali
com.orami.parenting.android,Buat download game,5,2023-07-12 18:26:21,Bagus 👍 harga bersahabat
com.orami.parenting.android,Adit Vlog Receh,1,2023-07-12 18:25:09,"banyak spamnya gak bagus ahh,, masih bagus apk sebelah"
com.orami.parenting.android,Yanuardi Hendrawan,1,2023-07-12 15:29:58,"Ini gmn Orami, kok saya disuruh isi data seperti berikut. Ini kan data bersifat privacy. Maksudnya gmn ini. Baik, Perkenalkan saya Febri selaku Staf Recruitment dalam project ORAMI INDONESIA pertama -tama silakan untuk mengisi biodata di bawah ini terlebih dulu untuk memudahkan saya mengenali anda. Nama : Usia : Pekerjaan : Apakah saat ini anda memiliki rekening pribadi (hanya menjawab Ya/Tidak) : pastikan anda benar benar memiliki rekening perbankan dan bukanlah ewalet ya"
com.orami.parenting.android,Ahmad Mulyono,5,2023-07-11 18:47:02,Gak usah kesana kemari langsung cuusss orami untuk kebutuhan ibu dan bayi
com.orami.parenting.android,Bety Pancerika,1,2023-07-11 15:40:23,"Ditipu aplikasi ini sampe 7jt.an, gila sih oknum2 yg nipu🥲"
com.orami.parenting.android,Hj Rukaiyah,5,2023-07-10 21:45:07,"mraketplace yang sangat bermanfaat,produk lengkap & original"
com.orami.parenting.android,BGS Top Chanel,5,2023-07-10 20:13:50,Terima kasih orami..... aplikasi ini sangat busuk di dalamnya banyak orang - orang penipu....awas untuk semua orang awam....aplikasi ini hanya sebagai modus penipuan....semoga Kominfo memblokir aplikasi ini secepatnya....supaya korban tdk bertambah banyak....
com.orami.parenting.android,Aulia Hakam,5,2023-07-10 18:26:24,Mantap
com.orami.parenting.android,Ilham Septiansyah234,5,2023-07-10 17:01:15,"Aplikasi baguss , membantu semua kebutuhan the best Orami"
com.orami.parenting.android,Aran Syahputra,4,2023-07-10 14:40:22,Bintang 4 Dulu Klo Bener Dapat Baru Bintang Ya Saya Lengkapin
com.orami.parenting.android,Muhammad Farhan,5,2023-07-10 13:04:11,Aplikasi nya mantap dan bagus buat kebutuhan sehari2
com.orami.parenting.android,Taufik Suryono,5,2023-07-10 08:51:01,Oke
com.orami.parenting.android,Rafly Pratama,5,2023-07-09 16:57:08,"Aplikasi ini sangat baik,dan sangat menguntungkan gak nyesal saya download aplikasi ini"
com.orami.parenting.android,Muhidin Radho,4,2023-07-09 15:02:03,Belanja perlengkapan dan kebutuhan sehari3 gampang dan lengkngkap di aplikasi orami
com.orami.parenting.android,wargame 872,5,2023-07-09 13:28:13,Coba dulu ya
com.orami.parenting.android,Hasan Hamzah,1,2023-07-09 12:45:28,Aplikasi atau mitranya penipu yang mengatasnamakan PT Lingkar Niaga Solusindo katanya download apknya lalu rating lalu share ke medsos lalu masukkan kode referral akan diberi imbalan 80Rb sampai sekarang dananya belum masuk
com.orami.parenting.android,mahyarudin saragih,5,2023-07-08 19:20:39,"Aplikasi yg sangat membantu selain utk shoping, jg dilengkapi dengan artikel yg sangat membantu"
com.orami.parenting.android,trinadi pu,5,2023-07-08 16:12:45,Aplikasinya sangat bagus untuk belanja online
com.orami.parenting.android,Sugiran Alban,4,2023-07-08 14:51:41,Aplikasi yg bagus buat belanja online
com.orami.parenting.android,Ajusman Daeli,5,2023-07-08 11:57:26,Sangat luar biasa dan membantu kelurga saya untuk berbelanja disini . Untuk mencari kebutuhan anak2
com.orami.parenting.android,Raiso main,5,2023-07-07 19:55:14,Aplikasi nya sangat bagus .
com.orami.parenting.android,Apriani Wulandari,5,2023-07-07 18:59:19,sangat membantu.aplkasi terbaik
com.orami.parenting.android,Muni Ajja,5,2023-07-07 15:56:31,Aplikasi sangat baik jujur amanah...saya puas sangat mengunakn aplikasi Orami
com.orami.parenting.android,Muhammad Nur wahid,5,2023-07-07 15:53:24,Aplikasi orami ini sangat membantu bagi saya Dalam memenuhi kebutuhan keluarga saya Cara kerjanya gampang Semoga kedepanya semakin baik
com.orami.parenting.android,rina malemta,1,2023-07-07 15:13:08,Malas ajah kesel klo bgtu.misi dan komisi
com.orami.parenting.android,Muhammad Iqbal,5,2023-07-07 12:17:46,Aplikasi sangat membantu sekali untuk belanja tiap bulan
com.orami.parenting.android,Zens Jaeni,5,2023-07-07 09:59:20,Sangat baik aplikasi nya tapi tolong tingkat'n lagi ya lebih bagus lagi
com.orami.parenting.android,A A D,5,2023-07-07 09:57:32,Aplikasi yang sangat membantu semua pengguna untuk mendapatkan barang yang diinginkan dan layanan admin nya sangat bagus
com.orami.parenting.android,Putri Hasna,5,2023-07-06 21:33:11,"Aplikasi marketplace yang lengkap, cocok bangett buat yg gasuka ribet. Sat set sat set dalam bertransaksi gampang banget. Recommended 👍"
com.orami.parenting.android,MUHAMAD ILHAM TRI CAHYONO,5,2023-07-06 13:55:00,Sangat memuaskan
com.orami.parenting.android,PT. Ayu Screen Printing,5,2023-07-06 12:52:26,"Bagus ,mudah diakses"
com.orami.parenting.android,Kalingga Lyadi,5,2023-07-05 20:16:41,aplikasi yg sangat membantu dalam berbelanja online
com.orami.parenting.android,Sudibyo Cangkiran,5,2023-07-05 13:04:09,Donlot aplikasi Orami banyak ke untunganya.
com.orami.parenting.android,Doni Susanto,1,2023-07-05 11:42:56,"Ini aplikasi penipu dan jangan pernah mau di tipu sama aplikasi ini,gak benar aplikasi ini,saya ada bukti nya,cs nya gak sopan dan semua anggota nya penipu!!!"
com.orami.parenting.android,Muhammad Iqbal Hanafi,5,2023-07-04 19:39:01,Sangat membantu sekali
com.orami.parenting.android,tyo susilo2,5,2023-07-04 14:14:40,"App bagus, sangat membantu"
com.orami.parenting.android,Puad,5,2023-07-04 12:19:03,aplikasi sangat rekomendasi banyak diskon dan promo terimakasih
com.orami.parenting.android,Windu Artha,5,2023-07-04 11:02:55,Mantap
com.orami.parenting.android,Mangot Maooot,1,2023-07-03 21:04:35,"Hati"" aplikasi Penipu, katanya setelah ngasih Ulasan bakalan di transfer uang 75 Ribu, setelah di kasih rating bagus ternyata ga di transfer, Hati"" Aplikasi ini Gajelas !!!"
com.orami.parenting.android,Nanang Ilzam F,5,2023-07-03 20:23:10,Aplikasinya sangat bagus sekali dan recomended
com.orami.parenting.android,Nur Aisyiah,5,2023-07-03 17:25:35,Good applicatiom
com.orami.parenting.android,Eka Oktavia,5,2023-07-03 16:08:08,Cara belanja modern yg praktis
com.orami.parenting.android,Navin Nalapraya,5,2023-07-03 12:25:35,Nice recommended bgt
com.orami.parenting.android,yogi darmawan,5,2023-07-02 17:09:32,"Bagus aplikasinya,baru nemu aplikasi buat belanja online khusus kebutuhan ibu dan balita"
com.orami.parenting.android,Jo Sake,1,2023-07-02 10:46:15,Jangan ada yg mau klw bisinis di aplikasi orami. Penipuan. Hapus ajh apk ini
com.orami.parenting.android,Taufik,1,2023-07-01 20:37:42,"Sangat2 tdk rekomended, stop install app ini..."
com.orami.parenting.android,Cahyono Supriyanto,5,2023-07-01 16:11:11,Bagus aplikasi lancar sangat membantu
com.orami.parenting.android,Ahmad shahahbuddin,5,2023-07-01 13:33:27,Sangat menbantu
com.orami.parenting.android,Sabda Siloka,4,2023-06-30 21:30:24,Nice aps
com.orami.parenting.android,Papahe Nabyla #1,1,2023-06-28 20:32:26,"Nyesal masuk app ini,bikin sakit hati."
com.orami.parenting.android,Don Carmalos,5,2023-06-28 18:13:51,Mantaaab
com.orami.parenting.android,Wahyudin Soleh,5,2023-06-28 17:21:28,Ok
com.orami.parenting.android,Etherson,5,2023-06-28 15:39:15,Sangat bagus
com.orami.parenting.android,ferryana andriansyah,5,2023-06-26 17:37:32,Layanan e-commerce yg luar biasa sangat membantu & mempermudah dalam berbelanja & mencari berbagai barang yg dibutuhkan
com.orami.parenting.android,Wiko Aldilla,5,2023-06-26 10:49:54,"Produk cukup banyak dan lengkap ,sangat informatif"
com.orami.parenting.android,Ira 73,5,2023-06-25 20:37:03,aplikasinya bagus and helpful sekali!
com.orami.parenting.android,evi apriliana,5,2023-06-25 19:07:38,Aplikasi orami ini sangat membantu sekali bagi saya yang mempunyai anak 3 untuk belanja kebutuhan2 baby yang agak repot untuk belanja d luar
com.orami.parenting.android,hoby ketawa,5,2023-06-25 19:01:11,Apk bagus cepat
com.orami.parenting.android,Yondra Rezki,5,2023-06-25 10:41:39,Aplikasi bagus. Gampang digunakan. Pokoknya keren deh
com.orami.parenting.android,Lulut Gaclek,5,2023-06-23 18:07:16,Aplikasi bagus
com.orami.parenting.android,Robbi binur,5,2023-06-23 15:01:19,Kualitas bagus2. Joss
com.orami.parenting.android,Muhammad Albar,1,2023-06-22 12:04:23,Ga jls benget ini aplikasi nyh
com.orami.parenting.android,Harfaayulestari23 Harfaayulestari23,3,2023-05-29 09:28:38,Saya harfa ayu lestari saya umur 13 tahun. Apakah orami ini bisa untuk belanja baju
com.orami.parenting.android,Tsabit Al Khawarizmi,1,2023-04-13 08:21:40,Ketersediaan stok g jelas. Tiba tiba dibatalkan dengan alasan stok habis. Padahal sebelumnya stok tersedia ratusan. Aplikasi juga lemot banget
com.orami.parenting.android,Gea Ariani,2,2023-04-10 05:12:18,dari kemarin siang mau cekout gabisa bisa udah dicoba tiap setengah jam sekali masih gabisa juga. udah download di hp lain dan coba cekout masih gabisa juga. ini aplikasinya belum siap atau gimana sih? tolong dong diperbaiki
com.orami.parenting.android,Ifni Yunidar,1,2023-04-09 12:10:52,"Aplikasi lemot sekali, sekalinya bisa masuk malah gagal membuat pesanan, udh komplain masih begitu aja, ga ada perubahan. Ga dikasih tau juga apa yg membuat error' ""gagal membuat pesanan"" udh seminggu lebih nunggu msh sm aja errornya, udh uninstall dan install ulang, hapus data dll masih error' juga."
com.orami.parenting.android,Muhammad Ridwan Effendi,3,2023-04-07 04:09:37,Cukup memuaskan aplikasinya tapi perlu ditingkatkan lagi fitur2 lebih update
com.orami.parenting.android,Muhammad Aushafy Setyawan,1,2023-03-19 06:56:14,"Mending beli offline, pengiriman lambat"
com.orami.parenting.android,Aan Adlan,5,2023-02-20 15:01:31,Good
com.orami.parenting.android,Faujan Falis,1,2023-02-17 14:14:38,Sangat mengecewakan app ini seringkali belanja tapi selalu di batalkan padahal uang sudah di bayar delet saja
com.orami.parenting.android,Realme Anyar,1,2023-02-14 17:50:17,"Otomatis uninstal orami Karna semakin kesini kurang berkompeten, pengiriman lama, ongkir mahal. Notifikasi tidak tau waktu, sangat mengganggu!"
com.orami.parenting.android,Muhammad Fahruq,1,2023-02-12 22:03:18,"apk merugikan hati"" penipuan jangan sampai tf"""
com.orami.parenting.android,bagus S,1,2023-02-11 18:16:18,Apaan sih mau banyak yg Dwonload apk ini kek gitu bngt gua tdi nya ksni gra2 mau kerja yg ada di web di arahin ke sini trus GK di jawab jawab apk apaan nih
com.orami.parenting.android,obeth 04,5,2023-02-06 08:42:10,Ok
com.orami.parenting.android,Silvi Hulsanah,3,2023-01-30 10:19:42,"Udah seneng dapet orami point , mau nukernya aja ribet nya minta ampun. Pilihan nya cuma bisa untuk belanja di official store, pilihan nya dikit banget, toko sama barang nya dikit banget 😭 bingun belanjain apa, udah gitu pas mau di check out pilihan nya cuma ""ambil di toko"" 😪😪 masa cuma pengen belanjaain 50rb orami point kudu ke Banten 😥😥"
com.orami.parenting.android,Eka Prasetya N 2,5,2023-01-24 11:58:57,Waaauuu
com.orami.parenting.android,Amak Yazil,2,2023-01-14 12:37:23,Jangan trlalu banyak peraturan untuk orang yg isi saldo pas isi ulang saldo banyak tanggapan dari admin sistem tolong di perbaiki dan kenyamanan kami sebagai member orami.. supaya kami menggunaka orami dan orami lebih baik kedepan.. dan yg sudah investasi d aplikasi ini tidak bisa mengambil keuntungannya malah akunnya d blokir..oleh pihak orami...
com.orami.parenting.android,yosian nurvia,2,2023-01-03 17:45:04,"Mau cekout udah masukin barang ke keranjang, eh keranjangnya gak bisa dibuka error terus, ongkir gak full subsidi masih harus nambah 10rb lagi"
com.orami.parenting.android,langit bedah,5,2022-12-31 16:33:29,mantap
com.orami.parenting.android,Septono Aji,5,2022-12-24 15:56:52,Suka sekali dengan aplikasi ini. Sangat recomended buat ibu2 yang baru belajar menjadi influencer
com.orami.parenting.android,Tami Tamtam,1,2022-12-14 14:40:35,"Kapok sih belanja di orami, di etalase barang nya tersedia tapi ternyata setelah cekout barang nya habis, itupun diinfokan setelah saya tanya ke cs nya (setelah 5hari status barang masih diproses) kalau gak ditanya gimana tuh, gak ada kepastiannya. Minta pengembalian dana, uang masuk ke rekening nya butuh waktu satu hari baru bisa masuk rekening. Yang mending di app ini cuma cs nya aja, respon nya cepet, aplikasi nya jg kalau dipakai lemot bgt. Ga enak"
com.orami.parenting.android,mailla soma,2,2022-12-13 17:03:53,"Cobain fitur baby name finder, tp sangat lemot 😭😭"
com.orami.parenting.android,Ojhik 94,5,2022-12-11 01:30:13,Smga lancar
com.orami.parenting.android,Heni Hendarsih,4,2022-12-08 21:58:48,sya gunakan orami untuk ibu sibuk nya dn mengikuti berbagai champaign nya sja
com.orami.parenting.android,Zita Windi,5,2022-12-05 14:04:10,Keren
com.orami.parenting.android,Andri Wardiyanto,2,2022-12-01 05:31:30,"Satu2nya market place yg tdk bisa memberikan kepastian stok dan pengiriman barang ke customer, Seringnya saat Order barang itu nggak jelas kapan dikirim atau bahkan tidaknya, dan seringnya sdh order tp tau-tau dibatalkan krn barang habis, pdhal sdh cek out dan dibayar. -Proses penyerahan barang ke kurir super lama -aplikasi super lemot - belanja di sini krn ada hadiahnya"
com.orami.parenting.android,Dies Intan,5,2022-11-28 16:06:37,Baik
com.orami.parenting.android,Febylasmia Mustika Arrum,5,2022-11-28 15:56:16,"Berkat orami dan ibusibuk, jadi kenal dunia influencer dan bisa banyak kenalan baru, ilmu baru dan cuan pastinya. Terimakasih banyak 😍"
com.orami.parenting.android,Nia Hutagalung,2,2022-11-23 18:27:52,"Voucher nilainya kecil sekarang, g kayak dulu, trs kuota voucher sedikit dan g konsisten, belum habis masa berlaku voucher tapi voucher nya udah ilang dengan tiba2. Dulu masih banyak hadiah dan potongan belanja.. skr udah g ada. Lama2 males juga di aplikasi ini."
com.orami.parenting.android,abdul rahman,1,2022-11-17 23:20:58,"Aplikasi lelet, susah login, udah logout login lagi susah minta ampun. Giliran bisa pembayaran susah. Mending ga usah bikin onlen oooo.. cici. Di tivi gembar gembor nyatanya kaya ee.."
com.orami.parenting.android,Tiana Helvida,5,2022-11-17 14:52:32,Baru mau nyoba
com.orami.parenting.android,Jihan Nabila,5,2022-11-16 15:49:49,Sangat suka sekali dengan aplikasi ini. Bisa mendapat uang tambahan lagi. Terima kasih orami dan IbuSibuk
com.orami.parenting.android,Dira Putri Deza,2,2022-11-12 20:35:18,"Aplikasi tidak bisa diakses, gak bisa masuk. Udah di uninstall dowload lagi, tetap sama Tolong dong perbaikannya kenapa gak bisa:("
com.orami.parenting.android,shasya melysa,2,2022-10-23 11:03:41,Ini seriing down apa gimana yaa
com.orami.parenting.android,Nona Nana,1,2022-10-18 17:34:51,"Apaan dah, buat daftar/masuk aja eror mulu Disuruh ke website, sama aja. Udah berhari-hari kagak diperbaiki"
com.orami.parenting.android,Mutia Larasati,5,2022-10-18 11:18:57,Bagus dan puas aplikasi dan bermanfaat sekali
com.orami.parenting.android,Harjuna Comsky,1,2022-10-04 05:39:23,"Logic sistem jelek, CS jelek, semua jelek"
com.orami.parenting.android,Sri Wita,1,2022-10-01 11:06:32,Kenapa ya aplikasi ini lelet banged? Pas mau bayar kok ga bisa dklik...ku kira hape ku hang..... Mohon p3rbaiki nya
com.orami.parenting.android,Indah Ayu Yunita (iayunita),2,2022-09-27 13:47:56,"Aplikasinya lelet banget, tiba² blank sewaktu pembayaran. Bolak balik close aplikasi tetep sama juga luama banget, pdhl tinggal bayar doang ni tp lgsg blank. Please benerin sistemnya dong, biar kalo dibuka ribuan org gak lelet, apalagi ada IBU SIBUK pasti banyak yang buka aplikasi orami. Nangis banget udh sejam tinggal bayar dialihkan ke gopay lgsg blank 😭😭😭"
com.orami.parenting.android,nadya shiddqi,2,2022-09-21 19:16:46,"Aplikasi lelet, daftar susah. Jelek bgt sumpah. Padahal itu aplikasi yg potensial"
com.orami.parenting.android,Rifa'atul Mahmudah,5,2022-09-20 17:50:03,Langganan beli pulsa atau token listrik. Selalu dapet cashback pake metode pembayaran apapun
com.orami.parenting.android,Sri Wahyuni,1,2022-09-16 00:16:02,"Aplikasinya lemot sekali, benar2 menguji kesabaran 😌😪"
com.orami.parenting.android,Tin Silambi,1,2022-09-13 06:40:52,Dari selesai download aplikasinya tdk bisa terbuka..aplikasi teraneh..
com.orami.parenting.android,Shinee World,2,2022-08-31 23:32:30,Udh 2022. Msh aja lemot Aplikasinya. Mending pke web aja klo aplikasi msh lemot
com.orami.parenting.android,nurul hikmah,2,2022-08-31 11:53:43,Super lambatttttt aplikasinya parah. Lemot
com.orami.parenting.android,Griya Nurussyifa,5,2022-08-26 07:59:13,"Terimakasih orami, membantu ibu ibu berdaya"
com.orami.parenting.android,Hanna Sulistiani,5,2022-08-26 07:30:35,Terima kasih orami... Dari sini saya bisa jadi influencer dapat uang jajan tambahan. Tapi kalau belanja belum pernah karena ak reseller juga...
com.orami.parenting.android,Didah Farida,2,2022-08-25 08:15:45,Kenapa otp nya gak ada terus ke wa sedangkan diketerangan udah dikirim jadinya harua nunggu lama inii . Mohon bantuannya
com.orami.parenting.android,Kuswati,1,2022-08-24 16:38:02,Payah susah2 download eh malah GK bisa daftar
com.orami.parenting.android,Icha Wirdayanti,5,2022-08-23 20:35:41,Mantap
com.orami.parenting.android,Ana Dia,4,2022-08-13 10:09:13,Mantap
com.orami.parenting.android,Navisha Shanum,2,2022-08-07 21:00:56,Pgen coba beli sesuatu di aplikasi ini udh download eeh pas proses bikin akun gk bisa2 padahal email dh bener gk jelas banget
com.orami.parenting.android,Erni Aprilia,1,2022-07-31 13:06:03,Muter trssss
com.orami.parenting.android,Andre Robby Yanto Y,1,2022-07-30 05:30:43,"Aplikasi gak jelas, Mau daftar akun nya aja susah, kirim OTP untuk verifikasi tapi gak di kirim2 kode OTP nya......uninstall ajaaa....."
com.orami.parenting.android,Mega Aldila,5,2022-07-28 12:57:15,Ok
com.orami.parenting.android,Alberta Arias,5,2022-07-22 14:46:29,Suka sama apps ini 🥰🥰
com.orami.parenting.android,imam kahfiyuddin,1,2022-07-19 22:00:32,"Belanja di orami ga jelas, beli produk susu di salah 1 seller , pembayaran pakai shopeepay, setelah dibayar langsung ada tulisan dibatalkan, ditanya ke customer service jawabannya ga jelas , disuruh nunggu refund uangnya sampe 14 hari kerja, kan aneh banget. Sangat mempersulit pembeli."
com.orami.parenting.android,UCAN SHOP,1,2022-06-30 21:28:48,Lemottty aplikasi nya loading terooosss
com.orami.parenting.android,Dicky S,1,2022-06-25 12:43:04,Lu niat gak sih bikin aplikasi eror trus
com.orami.parenting.android,yeyen nuraeni,1,2022-06-20 16:24:02,"Untuk reseller tp kerjaanny eror, gimana ini mau beli barang, selalu eror!!!"
com.orami.parenting.android,Bali Oppo,5,2022-06-17 00:23:39,baik hny perlu ditingkatkan kadang suka ngelag
com.orami.parenting.android,Daniar Dwi,2,2022-06-15 15:45:49,Appnya lemot . Sering eror
com.orami.parenting.android,raisul annadif,5,2022-06-03 18:46:06,Benar benar aplikasi yang bikin cuan besar tiap bulan
com.orami.parenting.android,Arsad Astika,5,2022-05-20 20:40:45,Aplikasi nya sangat membatu para momy dalam mencari alat2 baby
com.orami.parenting.android,Amaliyah,5,2022-05-06 01:10:55,Bagus dan sangat membantu sekali 👍
com.orami.parenting.android,icarossa,2,2022-04-23 14:58:20,Baru install mau dibuka malah keluar2 terus
com.orami.parenting.android,Hobi Jam,5,2022-04-23 02:37:20,Mantap
com.orami.parenting.android,Natasya Anjelina,1,2022-04-22 19:09:03,Aplikasi ini sudah tidak bisa di gunakan jadi jangan di download ketika di buka keluar sendiri 😤
com.orami.parenting.android,Aliqamariah,1,2022-04-22 12:44:30,"Habis update malah gabisa dibuka sama sekali, saya pikir hp saya harus direboot dulu, tapi setelah itu ternyata masih gabisa dibuka juga aplikasinya, akhirnya saya uninstall terus install lagi, masih juga gabisa dibuka, hufttt"
com.orami.parenting.android,Na Na,1,2022-04-14 11:18:32,aplikasi ini sepertinya menipu saya sudah membeli token listrik senilai 50k dan pembayaran berhasil tapi saat dilihat lagi aplikasi tidak bisa dibuka
com.orami.parenting.android,ulfah sajalah,1,2022-03-20 14:20:20,"Tolong aplikasinya diperbaiki, agar bisa ganti nomer telpon, saya mau ganti nomer telpon yang sudah tidak aktif tapi tidak bisa, sudah menghubungi instagram orami katanya disuruh ganti di aplikasi tapi ternyata gak bisa, gak ada menu ganti nomer yang bisa di klik"
com.orami.parenting.android,wulan handayani,1,2022-03-12 21:45:04,"Loading., Lama.."
com.orami.parenting.android,Runtung,1,2022-03-12 18:38:59,Aplikasi gak jelas banget ini Orderan di cancel tapi uang nya gak kembali suda sebulan lebih...
com.orami.parenting.android,Farida Nur Maftukhah,1,2022-03-03 21:52:09,"Aplikasinya masih lemot banget, tolong diperbaiki ya"
com.orami.parenting.android,septia andini,1,2022-03-02 07:37:39,Duh lemot banget bikin emosiiiiiiii
com.orami.parenting.android,Nia Hairunisa,1,2022-03-02 02:27:04,"Saya pengguna baru orami karna lihat di intagram, lalu beli produk di orami. Karna memang lagi butuh saya pikir paling lama 3 hari sudah sampai ternyata sampai skrg 3 hari masih sedang di proses. Tidak ada kejelasan?? Kecewa sih untuk pengguna baru, kayaknya ini pertama dan terakhir belanja di orami."
com.orami.parenting.android,Moze Sihura,3,2022-02-27 10:32:21,Ada dengan orami sekarang bukan kaya dulu sebelom corona sering belanja sampai puluhan jt...karena bisa COD dan pengiriman kurir orami punya sekarang kacau kaya Olshop abal abal..bukan berkembang malah mundur..olshop lain semakin maju...
com.orami.parenting.android,Suci Mulyawati,3,2022-02-26 11:25:14,"Orami beneran harus diperbaiki deh, masa mau kembali aja ga bisa . Harus keluar aplikasi terus buka lagi cuman buat cancel pilihan . Entah itu mau edit profil, akun dll . Cape"
com.orami.parenting.android,Melanisia nurul haq,1,2022-02-25 14:35:47,Lemot banget di HP saya sumpah padahal 4G memori HP juga masih banyak padahal baru mw kenal sama orami mana iklannya banyak 😏 bye deh
com.orami.parenting.android,Natan Atan,5,2022-02-22 10:44:39,Bagus
com.orami.parenting.android,oiloel mus,4,2022-02-18 18:49:17,Aplikasi lemot banget. Baiknya diperbaiki & ditingkatkan lagi
com.orami.parenting.android,imy afriyanti,1,2022-02-12 09:27:02,"klo jualan susu harusnya di cantumin tuh masa exp date nya, ini kan masalahnya untuk kebutuhan anak ya, eh ga di cantumin masa exp nya di deskripsi produk, padahal yg jualan sellernya orami supermarket, gw udah order trus nanya ke cs by Whats app, & dia bilang akan memberi info lewat email, ditungguin lama bgt emailnya, pas ada info ternyata exp date nya tinggal 2 bulan lagi, akhirnya gw minta di cancel aja, pas narik duit dari orami cash, udah 2 hari duit ga masuk ke rekening gw, UNINSTALL AJA!"
com.orami.parenting.android,Subadah Inyonk,2,2022-01-16 13:34:26,Ya mantap
com.orami.parenting.android,Abdul Mujib,5,2022-01-13 15:05:46,Bagus
com.orami.parenting.android,Ade Ndut,1,2022-01-09 04:17:58,Baru aja download malah loading nya lama beneerr.... udh kya gak ada kuota
com.orami.parenting.android,Ami betonsmg,2,2022-01-04 08:11:43,Sayang sekali orami sudah tidak free ongkir lagi... padahal paling menarik itu free ongkirny.. semoga kedepan bisa free ongkir lagi.. sementara aku tinggalin orami dlu
com.orami.parenting.android,Ramadhan Adi Nugroho,2,2021-12-25 03:09:27,Lemot banget aplikasinya hadeh
com.orami.parenting.android,Antika Cahyani,5,2021-12-22 04:34:31,Kewrennn ❤️
com.orami.parenting.android,andesco putra,1,2021-11-21 04:38:37,"Gak bisa membatalkan pesanan. Saat sudah selesai pembayaran, jeleek sekali tidak seperti online shop yg lain, mudah mengajukan pembatalan. Harga pun lebih mahal😑"
com.orami.parenting.android,Irenia Nurmalasari,2,2021-11-19 09:29:03,"sebelumnya saya sangat senang belanja di orami walaupun bayar dulu barang sampe paling lama 3 harian dapet promo dan hadiah sekarang saya sangat harus bersabar dan berhati-hati kalau mau belanja di orami karena beresiko menurut saya. pesan sudah dibayar tapi sering dibatalkan. pengembalian dananya makan waktu dan g sekaligus pdahal bayar sekaligus untuk bebrapa PO,padhal sekali belanja bisa sampe 5jt'an . sekarang saya harus bikin rincian mana PO yang dananya sudah dikembalikan mana yang belum."
com.orami.parenting.android,awang Djoni,2,2021-11-18 08:11:40,"Blm bisa gratis ongkir dh nyoba nyoba blnjn di atas 50.ribu, sy g jd beli, ga ada buat jualan juga, sy bnyk mau jual barang, kali aja bisa bersaing dgn toko toko sblh"
com.orami.parenting.android,ifni yunidar,1,2021-11-11 02:32:19,"Semenjak pake sicepat pengiriman lama, dan sudah bayar malah sering sekali dibatalkan, udh nunggu seminggu lebih ga ada progress."
com.orami.parenting.android,Kristine gabyela,1,2021-11-09 13:26:23,"Bikin kecewa skrg aplikasinya... Barang ga ready stok bisa diorder. Ga ada stok ga langsunh dicancel sampai 9 hari uang sy 1jt lebih diem di orami. Belum lagi pembayarannya ga langsung, harus nunggu lagi sampai 14 hari"
com.orami.parenting.android,Rasdi,1,2021-11-04 15:50:25,"Baru pertama nyoba belanja di orami eehh dibikin kecewa, tanpa sebab tanpa pemberitahuan pesanan dibatalkan pdahal beli susu ,mana stok udah mau habis tau2 dibatalkan ya sudah saya uninstal lagi deh kecewa"
com.orami.parenting.android,Nur Asih,5,2021-11-01 06:10:39,Oke banget
com.orami.parenting.android,Margareth Rara,1,2021-10-16 19:33:12,"Hampir 4 tahun saya beli apapun keperluan anak anak pakai orami, boleh di cek dgn akun saya ini min trnsaksi nya 1 bln bisa habis 3/4jt an sll puas karena murah, free ongkir, dapat hadiah. Sekarang lemot, tdk free ongkir, tdk ada hadiah. Alhasil 3 bln ini cek cek aja tdk jd cek out. MALESSS jdnya. Good bye orami."
com.orami.parenting.android,Robert Nainggolan,1,2021-10-16 18:59:04,"Pertama kali belanja menggunakan pengiriman expedisi sicepat,dan alhasil packingan sangat buruk dan pengiriman juga sangat lama... masih lebih baik menggunakan Kurir Internal Orami,paking aman dan pengiriman juga cepat...semakin kearah sangat buruk ORAMI Ini saya rasa."
com.orami.parenting.android,lilisheryani faujan,1,2021-10-09 04:26:34,Lamban menangani suatu masala Pesanan sdah 15 hari blum smapai minta di batalkan terlalu ribett pokonya paraaahhh
com.orami.parenting.android,Y. N. fhaana,1,2021-10-02 09:04:48,"Gamau dikasih bintang 1. Penilaian saya dihalusin terus, tp pelayanan 0, apk 0"
com.orami.parenting.android,delvina silvia,1,2021-10-01 09:59:43,Hati2 tertipu dengan promonya. Hadiah dibilang sudah habis tapi promo masih di pajang. Sangat kecewa.
com.orami.parenting.android,nanang mahendra,1,2021-09-19 18:35:40,"Lemooottttt bangett aplikasi ini, ongkirnya juga mahal banget, mendingan ke lapak sebelah yg jelas dijamin ORI dan pengiriman cepat"
com.orami.parenting.android,Sulis Wati,1,2021-09-12 02:21:02,Lemooot bangeet padahal sudah buka aplikasi subuh.
com.orami.parenting.android,Rochmi Handayani,5,2021-08-29 13:51:18,Bagus dan murah
com.orami.parenting.android,Lili Suryani,1,2021-08-14 13:59:39,Kenapa ya..bukak aplikasi sering error' dan lemot..rata2 komplen ulasan yg sama kok aplikasi ngak berbenah sich...
com.orami.parenting.android,Rizky Jill,5,2021-08-13 11:54:55,Kapan nih popok sweety flash sale murah lagi?
com.orami.parenting.android,jahid fikri,5,2021-08-11 16:15:15,Aplikasi yang sangat bermanfaat sekali ongkir nya murah banyak promonya dan hadiah nya. Terimaksih orami.
com.orami.parenting.android,Hj Nurliah Humaila - Azahra,1,2021-08-11 15:07:50,Susah bgt sih loading mulu kode otp jg ga pernah sampe masa cm gbr bebek mulu
com.orami.parenting.android,M Yusuf,3,2021-08-04 12:46:22,Udah di download tpi ga bisa kebuka loading trus
com.orami.parenting.android,Meisy Amrilia Ningsih,4,2021-07-30 19:50:59,Kenapa ya tiap buka orami susah banget muncul gambar nya padahal paketan banyak Suka kesel rasanya 🙏🙏🙏 tolong di perbaiki kak 🙏
com.orami.parenting.android,Debi Adit,5,2021-07-12 15:37:53,Daebakkk bgt apk nya. Happy shopping
com.orami.parenting.android,Solihin S,5,2021-07-09 13:55:47,"Daftar nya Mudah sekali ga ribet. Banyak jg promo nya terutama buat pengguna baru. 😀😀😀 Di tambah Lengkap bgt utk kebutuhan anak. Wajib ini saya rekomendasikan ke teman, sodara dan keluarga."
com.orami.parenting.android,Fitria Dwi A,5,2021-07-07 17:28:04,Pertama kali aku tau orami sangat excited banget karna baru nemu ada aplikasi yg menjual produk mom baby ditambah banyak potongan nya juga 😍 Langsung aja aku tawarkan ke temen ku untuk download aplikasi ini. Thankyou orami
com.orami.parenting.android,Pangestu Huang,5,2021-07-05 18:52:47,"Kenapa baru tauu sekarang ada aplikasi untuk ibu dan anak lengkap banget. 1 kebutuhan untuk banyak hal. Mulai dari kebutuhan sikecil sampai artikel parenting nya membantu sekali, UI nya juga sangat mudah dipahami."
com.orami.parenting.android,budi harjianto,5,2021-07-05 15:37:57,"Aplikasi mom n baby yg lengkap... cocok bgt tuk mommies² berbelanja di masa pandemi ini, dapat informasi seputar mom n baby juga.... Pokoknya ga nyesel deh download aplikasi ini 😉"
com.orami.parenting.android,M Arif Firdaus (Aviroez),5,2021-07-05 14:39:57,Produk cukup lengkap
com.orami.parenting.android,arif rakhman,5,2021-07-05 14:06:59,"aplikasi yang sangat bermanfaat buat New Parents, banyak artikel yang bermanfaat seputar dunia parenting, ditambah ada komunitasnya juga. jadi bisa saling share sesama parent. Ke toko emas beli anting, beli anting buat dipake ke kondangan. Kalo soal urusan parenting, orami emang ga ada lawan."
com.orami.parenting.android,Idris Sandi,5,2021-07-05 14:03:02,"Benar-Benar memudahkan untuk berbelanja keperluan ibu dan anak, akan di rekomendasikan juga ke keluarga,teman dan orang sekitar saya, terimakasih orami."
com.orami.parenting.android,Ridwan Hakim,5,2021-07-05 13:56:34,Good aplikasi
com.orami.parenting.android,Angga Irawan Angga Irawan,5,2021-07-05 13:52:19,Pesanan di antar dengan cepat dan pelayanan CS sangat cepat bertindak ketika ada komplain terima kasih orami
com.orami.parenting.android,wira Wira,1,2021-07-05 13:05:58,"Aplikasi lemotnya minta ampun, geregetan banget nunggu lodingnya"
com.orami.parenting.android,sri Sriyatni,5,2021-07-05 09:05:09,"Lengkap buat cari produk untuk balita saya, ada artikel juga bisa buat cari info & baca2"
com.orami.parenting.android,MUTIARA OKTIFANY,1,2021-07-04 21:58:25,Aplikasi jelek order dari tanggal 30 smpe hari ini belum juga tiba ampun DECH lama bngttt Besok kalo paket udh smpe udah ah kaga mau pake aplikasi Nic lagi nyeseeell tergiur harga murah dwnk saya.. Beda sma aplikasi sebelah cepettt bgtt..
com.orami.parenting.android,Eka Nova Priyana,5,2021-07-04 14:30:12,"Aplikasi bagus banget buat anak milenial yg baru punya si kecil semua kebutuhan lengkap. Ada articlesnya, juga comunity."
com.orami.parenting.android,Melly Melly,5,2021-07-04 12:45:53,"SANGAT MENYESAAAALLL!! Kenapa baru tau sekarang kalau ada aplikasi belanja kebutuhan ibu dan anak, pertama kali belanja udah dibuat kaget karna harga produk lagi banyak potongan harga ditambah ada kode voucher daaaaaan yang lebih menarik pas liat troli banyak banget dapet hadiah wooooow🤩 fiiix gak bisa berpaling ke olsop lain👍"
com.orami.parenting.android,annisa aulia,5,2021-07-03 15:39:28,"Buat calon parents or parents aplikasi ini wajib banget kalian punya! Selain bisa belanja online kebutuhan sikecil dengan aman dan original, ada juga loh artikel bermanfaat yang membantu kebutuhan parents semua! Apapun yang kalian cari dan butuhkan jawaban nya adalah ORAMI✨"
com.orami.parenting.android,yahya 85,5,2021-07-03 15:14:07,"Aplikasi yang sangat berguna dimasa pandemi ini, lebih aman dan terpercaya untuk beli keperluan bayi"
com.orami.parenting.android,Mulia amanah,5,2021-07-02 15:48:03,"Aplikasi yang sangat membantu untuk Mom and Baby, banyak promo-promo menarik dengan harga yang sangat terjangkau, banyak bonus dan hadiah freenya, selalu langganan untuk produk baby disini, sukses selalu untuk Orami"
com.orami.parenting.android,Zajuli Fadial,5,2021-07-02 13:59:06,Aplikasi paling gak ribet dan bingung buat cari kebutuhan anak apalagi harganya paling murah dibanding toko sebelah ada yg lebih murah tapi gak dapet freeongkir akhirnya total lebih mahal. Jasa kirimnya pun dari dulu gak pernah berubah ongkirnya masih murah apalagi yg standar gak sampe 9rb gak kaya toko sebelah sekarang gratis ongkirnya harus beli atau belanjanya biar gratis harus nunggu sebulan sekali ditanggal cantik :( app ini yg mnrt aku the best buat saat ini. Ibu senang anak senang :*
com.orami.parenting.android,Frans siahaan Official,5,2021-07-02 10:46:25,"Aplikasi yg lengkap untuk belanja kebutuhan keponakan saya, disamping gampang transaksinya dan free ongkir untuk setiap belanja 150 ribu, blom lg pake voc jadi lebih murah deh Waaah refferensi bngt sih ini"
com.orami.parenting.android,agus trimukti,5,2021-07-02 10:40:28,Emak emak +62 bisa Jadi pinter parenting nih berkat aplikasi orami. Orami keren....emak emak +62 wajib donlot. Buruan...
com.orami.parenting.android,marlina thea,5,2021-06-29 10:54:01,"Bagus, lengkap + dapet ilmu parenting, harga terjangkau"
com.orami.parenting.android,Gustia Dewi Kusuma,1,2021-06-28 22:19:39,"Aplikasi apaan ini lemot bangeeeett... Nyesel belanja disini mana barangnya lama banget belum sampe"" !!! Sayangnya saya belanja duluan dsini sblm baca ulasan aplikasi taunya banyak juga yg komplain aplikasi lemot.. Udah bnyk yg komplain kok gak diperbaiki sih!! Gak lagi"" Deh order dsini , kalo orderan ku sudah sampai bakal saya uninstall"
com.orami.parenting.android,yuspamella novemprirenta,2,2021-06-28 17:36:28,"Lemot sekali aplikasinya. Bbrp barang Di deskripsi ga ada keterangan produk. Kecentok beli kodomo baby wipes isi 50s (bayangan sy yg isi 50s+50s) seharga 12k, beli bundle 21k, pas dtang trnyata cuma bundle itu isinya (50s+50s) 😭😭. Mahal bangeeeeeeeeeeeetttttttt"
com.orami.parenting.android,Dimitri Mintohardjo Fam's,5,2021-06-26 21:55:25,Bagus
com.orami.parenting.android,Siti Nurjannah,2,2021-06-13 14:15:41,"Dari anak saya yg pertama, 7th lalu. Sy pengguna setia mulai dari bilna di web. Bagus sih skrg ada aplikasinya tp disayangkan aplikasi orami ini lemot parah, sering error, voucher pun lebih sering gak bisa dipakai. Sistem point yg dulunya gampang banget dipakainya, skrg cepet banget kadaluarsanya. Balik lagi aja deh ke Web kl saran saya. Thank u"
com.orami.parenting.android,Ayun Qr,1,2021-06-12 15:46:18,Saya baru download. Kenapa tidak bisa dibuka min?
com.orami.parenting.android,Haila,1,2021-06-12 06:56:14,Nyesel download
com.orami.parenting.android,Elagha collections,1,2021-06-11 22:19:11,Kenapa loading mulu??? Ga bs di buka Ga bs masuk
com.orami.parenting.android,rawina aqila,1,2021-06-11 20:54:36,Mau order ajaa susah bgt...aplikasi jelek bgt gak mau kebuka Lgsg copot aja
com.orami.parenting.android,Siti Djumiati Hamzah ستى جومياتى حمزة,1,2021-06-09 23:12:00,"Baru banget download, belum tahu akan seperti apa aplikasi orami nya, mau daftar aja belum berhasil, loading lama banget."
com.orami.parenting.android,Yan Artha,1,2021-06-08 11:25:43,"Lama sekali bukaknya,lemot mohon di perbaiki"
com.orami.parenting.android,Vhinesta April,1,2021-06-01 14:20:30,"LOADING NYA LAMA BANGET, error terus dan voucher tidak bisa di gunakan"
com.orami.parenting.android,Ara,1,2021-06-01 14:16:57,"LoaDing nya masyaallah lama sekali , extra sabar . Mohon di perbaiki dong pelayanannya"
com.orami.parenting.android,Adhi 1507,1,2021-05-28 23:12:26,Go bisa di buka
com.orami.parenting.android,Lemon Tea,1,2021-05-14 11:40:16,Sdh donload knp tdk bs di buka...???
com.orami.parenting.android,Niko Alexander,5,2021-05-10 15:14:17,Adminnya dan staf yang lain bertanggung jawab. Thank you ya
com.orami.parenting.android,Rama Dhani,1,2021-05-07 10:54:18,Ongkirnya mehong🤣 aplnya lambat banget sumpah.
com.orami.parenting.android,Fang Yin,1,2021-05-04 17:07:23,Loadingnya lama sekali. Voucher dr 3 tdk bsa digunakan
com.orami.parenting.android,Imam Alief,1,2021-04-11 23:29:29,Makin parah Cari barang lemot Buka keranjang lemot Pembayaran makin lemot... Ancuuurrrr
com.orami.parenting.android,Lia Anggraeni Prasetyowati,4,2021-04-11 10:25:17,"Sebenarnya aplikasinya bagus, banyak promo, ada konten parenting juga, tapi sayangnya aplikasinya berat, kalau loading lama. Semoga ke depannya bisa diperbaiki. Terimakasih."
com.orami.parenting.android,LIDYA EVIANE,1,2021-04-11 08:42:51,Lemotttttt bangetttttttttttt...... sumpah lemotnya keterlaluan
com.orami.parenting.android,Neina Mutiar,1,2021-04-05 12:05:23,Aplikasi nya berat atau entah apa setiap klik filter atau mau Lihat flash sale nya selalu SERVER ERROR:KEMBALI
com.orami.parenting.android,Felicia Setiawan,1,2021-03-21 15:33:08,"Pesanan saya blm sampai tapi aplikasi ada tulisan ""504 gate away time out"" gitu2 terus waktu di buka.. ada apa nih? Terus cek status pengiriman dari tanggal 18 dan 19 bolak balik Pulo gadung Mulu.."
com.orami.parenting.android,Yuni AE,1,2021-02-22 19:52:57,"Kenapa orami main cancel pesanan saja. Udah susah2 dapetin voc diskon. Giliran dipakai mlh cancel. Dengan alasan yg sama az, penyalahgunaan kode voc. Klo gk niat ngasih diskon gk usahlah buat kode voc. Itu dpt voc jg hasil dr tuker point.. emange gretongan.. Giliran dipakai, udah bayar, cancel. Refund lama euyyyy.... gk niat gk usah bikin tuker kode segala.."
com.orami.parenting.android,Alfa Phone,1,2021-02-17 16:32:41,Baru belanja di batalkan aneh tampa konfir dulu
com.orami.parenting.android,Afri Yanto,1,2021-02-04 13:41:18,Saya mendowloadnya kenapa tidak bisa di buka ya
com.orami.parenting.android,diedie 88,1,2021-01-27 11:47:58,Ini gimana sih lemot banget dan mau di check out selalu gagal
com.orami.parenting.android,Muhammad Suhadi,1,2021-01-25 06:01:09,Kok tambah ribet.suruh pindah akun.kenapa gak di pindahkan otomatis.auto uninstal
com.orami.parenting.android,Lina Setyaningrum,1,2021-01-22 23:26:40,"Aplikasi lemot, g bisa di buka😰"
com.orami.parenting.android,anggie priyatna,1,2021-01-17 15:17:18,Ketika baru daftar knp tidak bs Masuk ke aplikasinya ?
com.orami.parenting.android,zha isha,3,2021-01-16 10:45:43,"Leletnyaaaaaaa, tolong perbaiki. Iklan pop upnya ganggu banget, masa muncul terus tiap ganti halaman. Ga bisa filter produk 🤦"
com.orami.parenting.android,Annissa Harmony,2,2021-01-03 21:12:15,Harus lebih cepat dalam pelayanan. Saya pesan popok 3 hari belum sampai. ☹
com.orami.parenting.android,Papa Gunawan,1,2020-12-19 11:01:11,Aplikasi selalu lemot lambat. Keranjang suka error. Mau dihapus ga bs. Mau di checkout jg ga bs. Stag ga bs ngapa ngapain. Beberapa logout login tetap error.
com.orami.parenting.android,Solekha Wira,1,2020-12-15 22:29:36,Kenapa saya downlad orami giliran di klik buka malah ga ada tulisannya
com.orami.parenting.android,Benny Nathanael,1,2020-11-21 14:21:28,Super App. Thanks.
com.orami.parenting.android,Nanda Adita,2,2020-11-17 08:28:39,"Masukin no hp untuk mendapatkan kode melalui SMS, tapi kodenya ga masuk-masuk ke SMS. Padahal nomornya sudah benar. Jadi ngga bisa ikut gabung community room"
com.orami.parenting.android,Elisna Damayanti,3,2020-09-10 14:09:02,"Ternyata keluhannya sama ya rata2 di chat room yg gk bisa di buka. Gmn mau update info sharing nya ini. Saya sblmnya gabung di WAG nya Orami. Setelah Todler pakai yg di Aplikasi, tp chat room nya sama sekali gk bisa dpakai, lamaaaa bangettt buat bukanya, udh gtu chat yg sblmnya gk ada. jd gk bisa tau info sharing apa2. Tolong perbaiki ya.."
com.orami.parenting.android,Eka Silfi,2,2020-08-29 22:47:02,Aku prnah install ini..di notif ad pembaruan chat tp saat msuk ke room chat yg ad hanya chat2 lama chat update tdk terlihat...mohon diperbaiki min....
com.orami.parenting.android,Shariena Firda,1,2020-08-26 14:23:22,Chat sblm2nya tdk muncul
com.orami.parenting.android,friska riskys,1,2020-07-20 17:19:45,"ada notif chat baru tapi chat di roomchat gak bisa di update, malah yang terakhir keluar chat 2hari yang lalu.. tolong diperbaiki dong, aplikasi ini snagat membantu sebenernya cuma menguras emosi untuk masuk di room chat"
com.orami.parenting.android,Abd Per,1,2020-06-15 07:35:38,"Aplikasi ini sebenarnya bagus, membantu utk parents, tapi super lemot bangettttttt, kadang udah di klik berkali kali buat liat grup aja lama bangetttt, padahal internet lancar, HP juga gak rusak. Minta tolong diperbaiki biar nggak lemot dong, sayang kan aplikasi bagus tapi lola. Kasih bintang 1 dulu, kalo udah diperbaiki baru 5."
com.orami.parenting.android,ar happy,3,2020-05-25 21:28:13,"Kenapa ngga bisa lihat pemberitahuan isi chat community,???pdhl sinyal sy bgus"
com.orami.parenting.android,ymuda,1,2020-05-06 19:26:38,"Ada notif masuk, tp ketika d buka gada chat sama skli d roomnya Sdh coba konsul by email Tp ttep g pngaruh"
com.orami.parenting.android,ayunita rani,1,2020-05-04 23:26:21,klo mau adain promo harus nya udah d'persiapkan semua nya dengan matang.supaya pas hari nya udah gag ada lg perbaikan.percuma promo2 tpi ujung2 nya gag bsa login
com.orami.parenting.android,Pengguna Google,1,2020-04-25 19:21:16,Kenapa sih ini kok ga bs liat chat yg masuk di roomchat konsul? Internet lancar aja kok padahal.. Tolong lah diperbaiki
com.orami.parenting.android,Pengguna Google,1,2020-04-25 14:59:07,"Saya sdh download tp mau masuk g bisa-bisa. Sy masuk pakai akun google. Lamannya ""server error"". Ini gimana ya???"
com.orami.parenting.android,Pengguna Google,1,2020-04-23 05:44:26,"Ko udah download, udah sempet masuk grup, udah sempet chat, eh besoknya ada chat masuk gabisa liat. Di keluarin masuk LG ttp gabisa liat chat masuk"
com.orami.parenting.android,Pengguna Google,2,2020-04-22 19:44:27,Buka grup grup nya gak bisa loading terus
com.orami.parenting.android,Pengguna Google,1,2020-04-21 15:24:26,"Mohon bantuannya,, aplikasinya ga bisa dibuka 😭😭😭"
com.orami.parenting.android,Pengguna Google,1,2020-04-20 22:19:38,Hbis di peebaruhi kok mlah gaa bisa dibuka
com.orami.parenting.android,Pengguna Google,1,2020-04-20 21:06:35,Saya sudah instal tp app ini tdk bs dibuka
com.orami.parenting.android,Pengguna Google,1,2020-04-17 13:34:23,"Kenapa ngk bisa dibuka ea mom, mhon bantuannya"
com.orami.parenting.android,Pengguna Google,1,2020-04-16 21:38:40,Cara masuknya gimana ya saya sudah mendowload tapi tetep gag bisa masuk?tolong caranya masuk gimana?
com.orami.parenting.android,Pengguna Google,5,2020-04-15 21:57:13,Sangat membantu buat para momy hamil
com.orami.parenting.android,Pengguna Google,3,2020-03-27 14:47:03,Aplikasinya kok g bisa di buka ya?udh join bbrpa grup tp setiap dibuka kosong.mohon pencerahannya momin
com.orami.parenting.android,Pengguna Google,1,2020-03-20 10:50:24,"Gak bisa di buka ,,gmn caranya moms"
com.orami.parenting.android,Pengguna Google,5,2020-03-05 15:07:21,baru barusaha untuk mendownload. sepertinya hp saya kepenuhan
com.orami.parenting.android,Pengguna Google,1,2020-02-26 18:43:52,Gk bisa di buka
com.orami.parenting.android,Pengguna Google,4,2020-02-10 14:28:58,Aplikasinya bermanfaat
com.orami.parenting.android,Pengguna Google,4,2020-02-07 15:33:36,Good ..
com.orami.parenting.android,Pengguna Google,5,2020-02-07 13:43:28,Good
com.orami.parenting.android,Pengguna Google,5,2020-02-07 13:43:23,Good
com.orami.parenting.android,Pengguna Google,5,2020-02-07 13:40:59,Sangat membantu
com.orami.parenting.android,Pengguna Google,5,2020-02-07 13:30:22,Bermanfaat bangetzzz.... kuereennn...
com.orami.parenting.android,Pengguna Google,5,2020-02-06 15:02:07,"Good apps, helpfull"
com.orami.parenting.android,Pengguna Google,1,2020-02-06 09:03:54,Gak bisa dibuka
com.orami.parenting.android,Pengguna Google,5,2020-02-05 15:31:33,Good
